busybox-1_23_1;busybox-1.23.1;commit;syntax error;libbb/verror_msg.c;!ENABLE_FEATURE_SYSLOG;1;1
busybox-1_23_1;busybox-1.23.1;commit;syntax error;miscutils/nandwrite.c;(!ENABLE_FEATURE_TAR_LONG_OPTIONS) || (!ENABLE_FEATURE_GETOPT_LONG);1;1
busybox-1_23_1;busybox-1.23.1;commit;syntax error;util-linux/mdev.c;ENABLE_MDEV && !ENABLE_FEATURE_MDEV_CONF;2;1
busybox-1_23_1;busybox-1.23.1;commit;syntax error;shell/hush.c;ENABLE_FEATURE_EDITING && (!ENABLE_HUSH_INTERACTIVE);2;1
busybox-1_23_1;busybox-1.23.1;commit;syntax error;miscutils/less.c;ENABLE_FEATURE_LESS_WINCH && !ENABLE_FEATURE_LESS_REGEXP;2;1
busybox-1_23_1;busybox-1.23.1;commit;syntax error;archival/tar.c;ENABLE_FEATURE_GETOPT_LONG && !ENABLE_FEATURE_SEAMLESS_LZMA && !ENABLE_FEATURE_TAR_LONG_OPTIONS;3;1
busybox-1_23_1;busybox-1.23.1;commit;syntax error;networking/nc.c;ENABLE_NC && !ENABLE_NC_110_COMPAT && !ENABLE_NC_EXTRA;3;1
busybox-1_23_1;busybox-1.23.1;commit;syntax error;networking/httpd.c;ENABLE_FEATURE_USE_SENDFILE && ENABLE_FEATURE_HTTPD_BASIC_AUTH && !ENABLE_FEATURE_HTTPD_AUTH_MD5 && !ENABLE_PIPE_PROGRESS;4;1
busybox-1_23_1;busybox-1.23.1;commit;syntax error;shell/hush.c;ENABLE_HUSH_CASE && ENABLE_FEATURE_EDITING_SAVE_ON_EXIT && ENABLE_HUSH_INTERACTIVE && !ENABLE_FEATURE_EDITING;4;1
busybox-1_23_1;busybox-1.23.1;commit;syntax error;networking/ftpd.c;ENABLE_FTPD && ENABLE_FEATURE_FTP_AUTHENTICATION && !ENABLE_SU && !ENABLE_VLOCK && !ENABLE_LOGIN && !ENABLE_SULOGIN;6;1
linux_x86-3.18;linux-3.18.5;commit;e67bc51e574ffe3c4bc1e09cab7658b1e780b4ce;include/linux/kernel.h;!TRACING;1;1
linux_x86-3.18;linux-3.18.5;commit;0988c4c7fb5881377ec20a6452f739a722e97c6b;include/linux/if_vlan.h;!VLAN_8021Q;1;1
linux_x86-3.18;linux-3.18.5;commit;30e053248da178cf6154bb7e950dc8713567e3fa;fs/reiserfs/namei.c;REISERFS_FS_SECURITY && !SECURITY;1;1
linux_x86-3.18;linux-3.18.5;commit;218ad12f42e0b6207105cde8fd13017d1ed449e4;include/net/inet_hashtables.h;NUMA && (SMP || DEBUG_SPINLOCK || DEBUG_LOCK_ALLOC);1;1
linux_x86-3.18;linux-3.18.5;commit;8c8296223f3abb142be8fc31711b18a704c0e7d8;fs/proc/task_mmu.c;PROC_PAGE_MONITOR;1;1
linux_x86-3.18;linux-3.18.5;commit;d7e9711760a17aef3a94fc6dff4759fa5961de25;fs/quota/dquot.c;QUOTA_DEBUG;1;1
linux_x86-3.18;linux-3.18.5;commit;208d89843b7b03978d8e748b8b991c1be81c4f43;net/ipv4/udp.c;HIGHMEM;1;1
linux_x86-3.18;linux-3.18.5;commit;bc8cec0dff072f1a45ce7f6b2c5234bb3411ac51;fs/jffs2/super.c;JFFS2_FS_WBUF_VERIFY;1;1
linux_x86-3.18;linux-3.18.5;commit;f48ec1d7885281a9c6cd7779d61f321d1b1fd741;block/cfq-iosched.c;CFQ_GROUP_IOSCHED && !DEBUG_BLK_CGROUP;2;1
linux_x86-3.18;linux-3.18.5;commit;6e2b75740bed35df98b8113300579e13ed2ce848;kernel/module.c;MODULE_UNLOAD && SMP;2;1
linux_x86-3.18;linux-3.18.5;commit;657e9649e745b06675aa5063c84430986cdc3afa;net/ipv4/tcp_minisocks.c;TCP_MD5SIG && PREEMPT;2;1
linux_x86-3.18;linux-3.18.5;commit;7acf6cd80b201f77371a5374a786144153629be8;drivers/tty/pty.c;UNIX98_PTYS && DEVPTS_MULTIPLE_INSTANCES;2;1
linux_x86-3.18;linux-3.18.5;commit;f3d83e2415445e5b157bef404d38674e9e8de169;init/main.c;X86 && ACPI_WMI;2;1
linux_x86-3.18;linux-3.18.5;commit;472a474c6630efd195d3738339fd1bdc8aa3b1aa;arch/x86/kernel/smpboot.c;X86_32 && X86_BIGSMP;2;1
linux_x86-3.18;linux-3.18.5;commit;1f758a4341ac83289a549e6ba2d29a08cf639717;drivers/net/arm/ep93xx_eth.c;EP93XX_ETH && !ZONE_DMA;2;1
linux_x86-3.18;linux-3.18.5;commit;0dc77b6dabec8fd298392018cc0de5214af2dc43;drivers/extcon/extcon-class.c;EXTCON && SYSFS && ANDROID;3;1
linux_x86-3.18;linux-3.18.5;commit;d549f55f2e132e3d1f1288ce4231f45f12988bbf;drivers/infiniband/hw/ocrdma/ocrdma_main.c;IPV6 && !VLAN_8021Q;2;1
linux_x86-3.18;linux-3.18.5;commit;e39363a9def53dd4086be107dc8b3ebca09f045d;net/core/netpoll.c;NETPOLL && !IPV6;2;1
linux_x86-3.18;linux-3.18.5;commit;d530db0db90378b5674cb78d9c0cfcc83f851a5e;drivers/net/3c59x.c;VORTEX && !PCI;2;1
linux_x86-3.18;linux-3.18.5;commit;76baeebf7df493703eeb4428eac015bdb7fabda6;arch/x86/pci/common.c;X86_32 && NUMA && PCI;3;1
linux_x86-3.18;linux-3.18.5;commit;1c17e4d4437d8045a596d9f06c1558dc09e2b372;kernel/rcutree_plugin.h;TREE_PREEMPT_RCU && RCU_CPU_STALL_INFO && !RCU_FAST_NO_HZ;3;1
linux_x86-3.18;linux-3.18.5;commit;f7ab9b407b3bc83161c2aa74c992ba4782e87c9c;drivers/gpu/drm/i915/i915_dma.c;DRM_I915 && SHMEM && !TMPFS;3;1
linux_x86-3.18;linux-3.18.5;commit;6252547b8a7acced581b649af4ebf6d65f63a34b;drivers/base/dd.c;I2C && TWL4030_CORE && IRQ_DOMAIN && !OF_IRQ;4;1
linux_x86-3.18;linux-3.18.5;commit;eb91f1d0a531289e18f5587dc197d12a251c66a3;init/main.c;DEBUG_SLAB && LOCKDEP && TRACE_IRQFLAGS && PROVE_LOCKING && NUMA;5;1
linux_x86-3.14;linux-3.18.5;release;linux-3.14.6;kernel/sched/proc.c;NO_HZ_COMMON;1;1
linux_x86-3.14;linux-3.18.5;release;linux-3.14.6;kernel/sched/rt.c;SCHED_DEBUG;1;1
jhipster_3-6-1;jhipster_3-6-1;;;;MongoDB && SocialLogin;;
jhipster_3-6-1;jhipster_3-6-1;;;;MariaDB && Gradle;;
jhipster_3-6-1;jhipster_3-6-1;;;;Docker && Uaa && (MicroserviceGateway || MicroserviceApplication);;
jhipster_3-6-1;jhipster_3-6-1;;;;Uaa && (MicroserviceGateway || MicroserviceApplication) && !Docker;;
jhipster_3-6-1;jhipster_3-6-1;;;;MariaDB && Monolithic && Docker && ElasticSearch;;
